Phrase,English Meaning,Persian Meaning,Examples,Language,Tag
Hallo!,Hello!,سلام!,Hallo! Wie geht's dir?,German,Common
Guten Morgen!,Good morning!,صبح بخیر!,Guten Morgen! Hast du gut geschlafen?,German,Common
Guten Tag!,Good day!,روز بخیر!,Guten Tag! Wie kann ich Ihnen helfen?,German,Common
Guten Abend!,Good evening!,عصر بخیر!,"Guten Abend! Schön, dich zu sehen.",German,Common
Gute Nacht!,Good night!,شب بخیر!,Gute Nacht! Schlaf gut.,German,Common
Tschüss!,Bye!,خداحافظ!,Tschüss! Bis morgen.,German,Common
Auf Wiedersehen!,Goodbye!,خداحافظ!,Auf Wiedersehen! Einen schönen Tag noch.,German,Common
Bis später!,See you later!,بعداً می‌بینمت!,Bis später! Ich rufe dich an.,German,Common
Bis morgen!,See you tomorrow!,تا فردا!,Bis morgen! Komm gut nach Hause.,German,Common
Bis bald!,See you soon!,به‌زودی می‌بینمت!,Bis bald! Wir bleiben in Kontakt.,German,Common
Wie geht's?,How are you?,حالت چطوره؟,"Hallo Anna, wie geht's?",German,Common
Mir geht's gut.,I'm fine.,حالم خوبه.,"Danke, mir geht's gut.",German,Common
Und dir?,And you?,تو چطور؟,Mir geht's gut. Und dir?,German,Common
Vielen Dank.,Thank you very much.,خیلی ممنون.,Vielen Dank für deine Hilfe.,German,Common
Danke schön.,Thank you.,ممنون.,Danke schön für das Geschenk.,German,Common
Bitte schön.,You're welcome / Here you are.,خواهش می‌کنم / بفرمایید.,Hier ist Ihr Kaffee. – Bitte schön.,German,Common
Gern geschehen.,You're welcome.,خواهش می‌کنم.,Danke für deine Hilfe. – Gern geschehen.,German,Common
Entschuldigung.,Excuse me / Sorry.,ببخشید.,"Entschuldigung, wo ist der Bahnhof?",German,Common
Es tut mir leid.,I'm sorry.,متأسفم.,"Es tut mir leid, ich bin zu spät.",German,Common
Kein Problem.,No problem.,مشکلی نیست.,"Kein Problem, das kann passieren.",German,Common
Macht nichts.,Never mind.,اشکالی ندارد.,"Macht nichts, wir versuchen es noch einmal.",German,Common
"Ja, natürlich.","Yes, of course.",بله، حتماً.,"Ja, natürlich kannst du mitkommen.",German,Common
Natürlich.,Of course.,البته.,Natürlich helfe ich dir.,German,Common
Vielleicht.,Maybe.,شاید.,Vielleicht komme ich morgen vorbei.,German,Common
Ich weiß nicht.,I don't know.,نمی‌دانم.,"Ich weiß nicht, wann er kommt.",German,Common
Ich glaube schon.,I think so.,فکر می‌کنم بله.,Kommt Lisa heute? – Ich glaube schon.,German,Common
Ich glaube nicht.,I don't think so.,فکر نمی‌کنم.,Ist der Laden noch offen? – Ich glaube nicht.,German,Common
Genau.,Exactly.,دقیقاً.,"Genau, das meine ich.",German,Common
Stimmt.,That's right.,درسته.,"Stimmt, morgen ist Feiertag.",German,Common
Das stimmt.,That's true.,این درسته.,"Das stimmt, hier ist es sehr ruhig.",German,Common
Das ist richtig.,That's correct.,درست است.,"Ja, das ist richtig.",German,Common
Ich verstehe.,I understand.,متوجه‌ام.,"Ich verstehe, was du meinst.",German,Common
Ich verstehe nicht.,I don't understand.,متوجه نمی‌شوم.,"Entschuldigung, ich verstehe nicht.",German,Common
Kannst du das wiederholen?,Can you repeat that?,می‌توانی دوباره بگویی؟,Kannst du das bitte wiederholen?,German,Common
Können Sie das wiederholen?,Can you repeat that? (formal),می‌توانید دوباره بگویید؟,"Entschuldigung, können Sie das wiederholen?",German,Common
Bitte sprechen Sie langsamer.,Please speak more slowly.,لطفاً آهسته‌تر صحبت کنید.,"Bitte sprechen Sie langsamer, ich lerne noch Deutsch.",German,Common
Was bedeutet das?,What does that mean?,این یعنی چه؟,Was bedeutet dieses Wort?,German,Common
Wie sagt man das auf Deutsch?,How do you say that in German?,این را به آلمانی چطور می‌گویند؟,Wie sagt man „receipt“ auf Deutsch?,German,Common
Wie schreibt man das?,How do you spell/write that?,این را چطور می‌نویسند؟,Wie schreibt man deinen Namen?,German,Common
Was meinst du?,What do you mean?,منظورت چیست؟,Was meinst du genau?,German,Common
Was denkst du?,What do you think?,تو چه فکر می‌کنی؟,Was denkst du über den Plan?,German,Common
"Ich denke, dass ...",I think that ...,فکر می‌کنم که...,"Ich denke, dass das eine gute Idee ist.",German,Common
Meiner Meinung nach ...,In my opinion ...,به نظر من...,Meiner Meinung nach ist das zu teuer.,German,Common
Ich bin einverstanden.,I agree.,موافقم.,Ich bin mit dem Vorschlag einverstanden.,German,Common
Ich bin nicht einverstanden.,I disagree.,موافق نیستم.,"Tut mir leid, ich bin nicht einverstanden.",German,Common
Das klingt gut.,That sounds good.,خوب به نظر می‌رسد.,Treffen wir uns um sechs? – Das klingt gut.,German,Common
Gute Idee!,Good idea!,ایده خوبیه!,Gute Idee! Das machen wir.,German,Common
Warum nicht?,Why not?,چرا که نه؟,Gehen wir spazieren? – Warum nicht?,German,Common
Mal sehen.,We'll see.,ببینیم چه می‌شود.,"Mal sehen, ob ich morgen Zeit habe.",German,Common
Keine Ahnung.,No idea.,هیچ ایده‌ای ندارم.,"Keine Ahnung, wo er ist.",German,Common
Was ist los?,What's wrong / What's going on?,چه شده؟,Du siehst müde aus. Was ist los?,German,Common
Alles in Ordnung?,Is everything okay?,همه‌چیز خوبه؟,Du bist so still. Alles in Ordnung?,German,Common
Alles klar.,All right / Got it.,باشه / متوجه شدم.,"Alles klar, ich mache das.",German,Common
Keine Sorge.,Don't worry.,نگران نباش.,"Keine Sorge, ich kümmere mich darum.",German,Common
Pass auf!,Watch out!,مواظب باش!,Pass auf! Da kommt ein Auto.,German,Common
Vorsicht!,Careful!,احتیاط!,Vorsicht! Der Boden ist nass.,German,Common
Beeil dich!,Hurry up!,عجله کن!,"Beeil dich, der Bus kommt!",German,Common
Warte mal.,Wait a moment.,یک لحظه صبر کن.,"Warte mal, ich komme mit.",German,Common
"Einen Moment, bitte.","One moment, please.",یک لحظه لطفاً.,"Einen Moment, bitte. Ich schaue nach.",German,Common
Komm rein!,Come in!,بیا داخل!,Die Tür ist offen. Komm rein!,German,Common
Setz dich.,Sit down.,بنشین.,Komm rein und setz dich.,German,Common
Mach's dir bequem.,Make yourself comfortable.,راحت باش.,Setz dich und mach's dir bequem.,German,Common
Was machst du?,What are you doing?,داری چه کار می‌کنی؟,Was machst du heute Abend?,German,Common
Was hast du vor?,What are you planning?,چه برنامه‌ای داری؟,Was hast du am Wochenende vor?,German,Common
Hast du Zeit?,Do you have time?,وقت داری؟,Hast du heute Nachmittag Zeit?,German,Common
Ich habe keine Zeit.,I don't have time.,وقت ندارم.,Heute habe ich leider keine Zeit.,German,Common
Ich bin beschäftigt.,I'm busy.,سرم شلوغ است.,Ich bin gerade beschäftigt. Kann ich später anrufen?,German,Common
Ich bin müde.,I'm tired.,خسته‌ام.,Ich bin müde und gehe früh ins Bett.,German,Common
Ich habe Hunger.,I'm hungry.,گرسنه‌ام.,Ich habe Hunger. Essen wir etwas?,German,Common
Ich habe Durst.,I'm thirsty.,تشنه‌ام.,Ich habe Durst. Hast du Wasser?,German,Common
Mir ist kalt.,I'm cold.,سردم است.,Mir ist kalt. Kannst du das Fenster schließen?,German,Common
Mir ist warm.,I'm warm/hot.,گرمم است.,Mir ist warm. Ich öffne das Fenster.,German,Common
Ich bin fertig.,I'm finished / done.,تمام کردم.,Ich bin mit der Arbeit fertig.,German,Common
Ich bin bereit.,I'm ready.,آماده‌ام.,Ich bin bereit. Wir können gehen.,German,Common
Los geht's!,Let's go!,بزن بریم!,Alle sind da. Los geht's!,German,Common
Komm mit!,Come with me/us!,بیا با من/ما!,Wir gehen ins Café. Komm mit!,German,Common
Ich komme gleich.,I'll be right there.,الان می‌آیم.,"Warte kurz, ich komme gleich.",German,Common
Ich bin gleich zurück.,I'll be right back.,الان برمی‌گردم.,Ich hole nur meine Jacke. Ich bin gleich zurück.,German,Common
Bis gleich.,See you in a moment.,الان می‌بینمت.,Ich bin in zehn Minuten da. Bis gleich!,German,Common
Wo bist du?,Where are you?,کجایی؟,Wo bist du? Ich warte vor dem Eingang.,German,Common
Ich bin unterwegs.,I'm on my way.,در راهم.,Ich bin unterwegs und komme in 15 Minuten.,German,Common
Ich bin da.,I'm here / I've arrived.,رسیدم / اینجا هستم.,Ich bin da. Wo soll ich warten?,German,Common
Wann kommst du?,When are you coming?,کی می‌آیی؟,Wann kommst du nach Hause?,German,Common
Wie spät ist es?,What time is it?,ساعت چند است؟,"Entschuldigung, wie spät ist es?",German,Common
Um wie viel Uhr?,At what time?,ساعت چند؟,Um wie viel Uhr beginnt der Film?,German,Common
Wie lange dauert das?,How long does that take?,چقدر طول می‌کشد؟,Wie lange dauert die Fahrt?,German,Common
Ich komme zu spät.,I'm going to be late.,دیر می‌رسم.,"Tut mir leid, ich komme zehn Minuten zu spät.",German,Common
Pünktlich sein.,To be on time.,سر وقت بودن.,"Bitte versuch, pünktlich zu sein.",German,Common
Heute passt es mir nicht.,Today doesn't work for me.,امروز برایم مناسب نیست.,Heute passt es mir nicht. Wie wäre es morgen?,German,Common
Morgen passt besser.,Tomorrow works better.,فردا بهتر است.,Morgen passt besser für mich.,German,Common
Wie wäre es mit ...?,How about ...?,... چطور است؟,Wie wäre es mit Freitagabend?,German,Common
Treffen wir uns um ...,Let's meet at ...,ساعت ... همدیگر را ببینیم.,Treffen wir uns um sieben vor dem Kino.,German,Common
Wo treffen wir uns?,Where shall we meet?,کجا همدیگر را ببینیم؟,Wo treffen wir uns morgen?,German,Common
Ich freue mich darauf.,I'm looking forward to it.,مشتاقش هستم.,Ich freue mich auf das Wochenende.,German,Common
Viel Spaß!,Have fun!,خوش بگذره!,Viel Spaß auf der Party!,German,Common
Viel Glück!,Good luck!,موفق باشی!,Viel Glück bei der Prüfung!,German,Common
Herzlichen Glückwunsch!,Congratulations!,تبریک می‌گویم!,Herzlichen Glückwunsch zum Geburtstag!,German,Common
Alles Gute!,All the best!,بهترین‌ها را برایت آرزو می‌کنم!,Alles Gute für deinen neuen Job!,German,Common
Gute Besserung!,Get well soon!,زود خوب شو!,Du bist krank? Gute Besserung!,German,Common
Prost!,Cheers!,به سلامتی!,Prost! Auf einen schönen Abend.,German,Common
Guten Appetit!,Enjoy your meal!,نوش جان!,Das Essen ist fertig. Guten Appetit!,German,Common
Schmeckt gut.,It tastes good.,خوشمزه است.,Die Suppe schmeckt wirklich gut.,German,Common
Das ist lecker.,That's delicious.,این خوشمزه است.,Der Kuchen ist lecker.,German,Common
Ich hätte gern ...,I would like ...,من ... می‌خواهم.,"Ich hätte gern einen Kaffee, bitte.",German,Common
Ich nehme ...,I'll have/take ...,من ... می‌گیرم.,Ich nehme die Suppe und einen Salat.,German,Common
Noch etwas?,Anything else?,چیز دیگری؟,Möchten Sie noch etwas?,German,Common
"Das ist alles, danke.","That's all, thank you.",همین است، ممنون.,"Das ist alles, danke. Zahlen, bitte.",German,Common
"Die Rechnung, bitte.","The bill, please.",صورت‌حساب لطفاً.,"Entschuldigung, die Rechnung, bitte.",German,Common
Kann ich mit Karte zahlen?,Can I pay by card?,می‌توانم با کارت پرداخت کنم؟,Kann ich hier mit Karte zahlen?,German,Common
Was kostet das?,How much does that cost?,این چقدر قیمت دارد؟,"Entschuldigung, was kostet das?",German,Common
Wie viel kostet das?,How much is it?,قیمتش چقدر است؟,Wie viel kostet diese Jacke?,German,Common
Das ist zu teuer.,That's too expensive.,این خیلی گران است.,Hundert Euro? Das ist zu teuer.,German,Common
Haben Sie etwas Günstigeres?,Do you have something cheaper?,چیز ارزان‌تری دارید؟,Haben Sie etwas Günstigeres in dieser Größe?,German,Common
Ich schaue nur.,I'm just looking.,فقط دارم نگاه می‌کنم.,"Danke, ich schaue nur.",German,Common
Kann ich das anprobieren?,Can I try this on?,می‌توانم این را پرو کنم؟,Kann ich diese Hose anprobieren?,German,Common
Wo ist die Umkleidekabine?,Where is the fitting room?,اتاق پرو کجاست؟,"Entschuldigung, wo ist die Umkleidekabine?",German,Common
Das passt gut.,It fits well.,خوب اندازه است.,Die Jacke passt gut.,German,Common
Das ist zu groß.,It's too big.,خیلی بزرگ است.,Diese Größe ist mir zu groß.,German,Common
Das ist zu klein.,It's too small.,خیلی کوچک است.,Die Schuhe sind zu klein.,German,Common
Ich nehme es.,I'll take it.,آن را می‌گیرم.,Es gefällt mir. Ich nehme es.,German,Common
Haben Sie das in einer anderen Größe?,Do you have this in another size?,این را در سایز دیگری دارید؟,Haben Sie das in einer größeren Größe?,German,Common
Wo ist ...?,Where is ...?,... کجاست؟,"Entschuldigung, wo ist die Toilette?",German,Common
Wie komme ich zu ...?,How do I get to ...?,چطور به ... برسم؟,Wie komme ich zum Hauptbahnhof?,German,Common
Ist es weit?,Is it far?,دور است؟,Ist es von hier weit?,German,Common
Ganz in der Nähe.,Very close by.,خیلی نزدیک است.,Der Supermarkt ist ganz in der Nähe.,German,Common
Geradeaus.,Straight ahead.,مستقیم.,Gehen Sie einfach geradeaus.,German,Common
Nach links.,To the left.,به چپ.,An der Ampel gehen Sie nach links.,German,Common
Nach rechts.,To the right.,به راست.,Dann biegen Sie nach rechts ab.,German,Common
An der Ecke.,At the corner.,سرِ نبش.,Die Apotheke ist an der Ecke.,German,Common
Gegenüber.,Opposite/across from.,روبرو.,Das Café ist gegenüber der Bank.,German,Common
Neben ...,Next to ...,کنارِ ...,Der Parkplatz ist neben dem Hotel.,German,Common
Ich habe mich verlaufen.,I'm lost.,راه را گم کرده‌ام.,"Entschuldigung, ich habe mich verlaufen.",German,Common
Welcher Bus fährt ins Zentrum?,Which bus goes to the city center?,کدام اتوبوس به مرکز شهر می‌رود؟,Welcher Bus fährt ins Zentrum?,German,Common
Wo ist die Bushaltestelle?,Where is the bus stop?,ایستگاه اتوبوس کجاست؟,Wo ist die nächste Bushaltestelle?,German,Common
Wann fährt der Zug ab?,When does the train leave?,قطار چه زمانی حرکت می‌کند؟,Wann fährt der nächste Zug nach Berlin ab?,German,Common
Wann kommt der Zug an?,When does the train arrive?,قطار چه زمانی می‌رسد؟,Wann kommt der Zug in Hamburg an?,German,Common
"Eine Fahrkarte, bitte.","One ticket, please.",یک بلیت لطفاً.,"Eine Fahrkarte nach München, bitte.",German,Common
"Hin und zurück, bitte.","Round trip, please.",رفت‌وبرگشت لطفاً.,"Eine Fahrkarte nach Köln, hin und zurück, bitte.",German,Common
Nur Hinfahrt.,One way only.,فقط یک‌طرفه.,"Nur Hinfahrt, bitte.",German,Common
Ist dieser Platz frei?,Is this seat free?,این صندلی خالی است؟,"Entschuldigung, ist dieser Platz frei?",German,Common
Wo muss ich umsteigen?,Where do I need to change?,کجا باید خط عوض کنم؟,Wo muss ich nach Berlin umsteigen?,German,Common
Ich brauche ein Taxi.,I need a taxi.,تاکسی لازم دارم.,Ich brauche ein Taxi zum Flughafen.,German,Common
"Zum Flughafen, bitte.","To the airport, please.",به فرودگاه لطفاً.,"Zum Flughafen, bitte. Wie lange dauert es?",German,Common
Ich habe eine Reservierung.,I have a reservation.,رزرو دارم.,"Guten Abend, ich habe eine Reservierung auf den Namen Rahimi.",German,Common
Ich möchte einchecken.,I'd like to check in.,می‌خواهم پذیرش کنم.,"Hallo, ich möchte einchecken.",German,Common
Ich möchte auschecken.,I'd like to check out.,می‌خواهم تسویه و خروج کنم.,"Guten Morgen, ich möchte auschecken.",German,Common
Ist Frühstück inklusive?,Is breakfast included?,صبحانه شامل می‌شود؟,Ist das Frühstück im Preis inklusive?,German,Common
Wie lautet das WLAN-Passwort?,What's the Wi-Fi password?,رمز وای‌فای چیست؟,"Entschuldigung, wie lautet das WLAN-Passwort?",German,Common
Ich brauche Hilfe.,I need help.,کمک لازم دارم.,"Entschuldigung, ich brauche Hilfe.",German,Common
Können Sie mir helfen?,Can you help me?,می‌توانید به من کمک کنید؟,Können Sie mir bitte helfen?,German,Common
Rufen Sie bitte einen Arzt.,Please call a doctor.,لطفاً دکتر خبر کنید.,Mir geht es nicht gut. Rufen Sie bitte einen Arzt.,German,Common
Rufen Sie die Polizei!,Call the police!,به پلیس زنگ بزنید!,"Bitte, rufen Sie die Polizei!",German,Common
Wo ist die nächste Apotheke?,Where is the nearest pharmacy?,نزدیک‌ترین داروخانه کجاست؟,Wo ist die nächste Apotheke?,German,Common
Mir geht es nicht gut.,I don't feel well.,حالم خوب نیست.,Mir geht es nicht gut. Ich muss mich hinsetzen.,German,Common
Ich habe Kopfschmerzen.,I have a headache.,سردرد دارم.,Ich habe seit heute Morgen Kopfschmerzen.,German,Common
Ich brauche eine Pause.,I need a break.,به استراحت نیاز دارم.,Ich brauche eine kurze Pause.,German,Common
Was ist deine Telefonnummer?,What's your phone number?,شماره تلفنت چیست؟,Was ist deine Telefonnummer? Ich speichere sie.,German,Common
Wie ist deine E-Mail-Adresse?,What's your email address?,آدرس ایمیلت چیست؟,Wie ist deine E-Mail-Adresse?,German,Common
Ruf mich an.,Call me.,به من زنگ بزن.,"Ruf mich an, wenn du zu Hause bist.",German,Common
Schreib mir.,Text/write to me.,به من پیام بده.,"Schreib mir, wenn du angekommen bist.",German,Common
Ich melde mich später.,I'll get back to you later.,بعداً خبر می‌دهم.,Ich bin gerade beschäftigt. Ich melde mich später.,German,Common
Mein Akku ist leer.,My battery is dead.,باتری‌ام تمام شده.,Mein Akku ist fast leer. Hast du ein Ladegerät?,German,Common
Ich habe kein Internet.,I don't have internet.,اینترنت ندارم.,Ich habe gerade kein Internet.,German,Common
Das WLAN funktioniert nicht.,The Wi-Fi isn't working.,وای‌فای کار نمی‌کند.,"Entschuldigung, das WLAN funktioniert nicht.",German,Common
Kannst du mir das schicken?,Can you send me that?,می‌توانی آن را برایم بفرستی؟,Kannst du mir das Foto schicken?,German,Common
Ich habe es bekommen.,I got it.,دریافتش کردم.,"Danke, ich habe die Nachricht bekommen.",German,Common
Ich bin zu Hause.,I'm at home.,خانه هستم.,Heute Abend bin ich zu Hause.,German,Common
Ich gehe nach Hause.,I'm going home.,دارم به خانه می‌روم.,Ich bin müde. Ich gehe nach Hause.,German,Common
Ich bin bei der Arbeit.,I'm at work.,سرِ کار هستم.,Ich bin noch bei der Arbeit.,German,Common
Ich muss arbeiten.,I have to work.,باید کار کنم.,"Ich kann nicht kommen, ich muss arbeiten.",German,Common
Ich habe frei.,I have the day off.,تعطیلم / مرخصی دارم.,Am Freitag habe ich frei.,German,Common
Wann fängst du an?,When do you start?,کی شروع می‌کنی؟,Wann fängst du morgen mit der Arbeit an?,German,Common
Wann bist du fertig?,When are you finished?,کی کارت تمام می‌شود؟,Wann bist du heute fertig?,German,Common
Ich bin im Meeting.,I'm in a meeting.,در جلسه‌ام.,"Ich kann gerade nicht sprechen, ich bin im Meeting.",German,Common
Ich schicke dir eine E-Mail.,I'll send you an email.,برای تو ایمیل می‌فرستم.,Ich schicke dir die Details per E-Mail.,German,Common
Können wir das besprechen?,Can we discuss that?,می‌توانیم درباره‌اش صحبت کنیم؟,Können wir das morgen besprechen?,German,Common
Ich kümmere mich darum.,I'll take care of it.,من رسیدگی می‌کنم.,"Kein Problem, ich kümmere mich darum.",German,Common
Ich bin damit fertig.,I'm done with it.,کارم با آن تمام شده.,Ich bin mit dem Bericht fertig.,German,Common
Ich brauche mehr Zeit.,I need more time.,زمان بیشتری لازم دارم.,Ich brauche mehr Zeit für diese Aufgabe.,German,Common
Das funktioniert.,That works.,این کار می‌کند.,Ich habe es getestet. Das funktioniert.,German,Common
Das funktioniert nicht.,That doesn't work.,این کار نمی‌کند.,Die neue Lösung funktioniert nicht.,German,Common
Es gibt ein Problem.,There's a problem.,یک مشکل وجود دارد.,Es gibt ein Problem mit dem System.,German,Common
Wir finden eine Lösung.,We'll find a solution.,یک راه‌حل پیدا می‌کنیم.,"Keine Sorge, wir finden eine Lösung.",German,Common
Ich habe eine Frage.,I have a question.,یک سؤال دارم.,"Entschuldigung, ich habe eine Frage.",German,Common
Darf ich etwas fragen?,May I ask something?,می‌توانم چیزی بپرسم؟,Darf ich dich etwas fragen?,German,Common
Was brauchst du?,What do you need?,چه چیزی لازم داری؟,"Sag mir, was brauchst du?",German,Common
Ich brauche ...,I need ...,من ... لازم دارم.,Ich brauche noch ein paar Minuten.,German,Common
Kannst du mir helfen?,Can you help me?,می‌توانی به من کمک کنی؟,Kannst du mir kurz helfen?,German,Common
Kein Stress.,No stress / No rush.,استرس نداشته باش / عجله‌ای نیست.,"Kein Stress, wir haben genug Zeit.",German,Common
Lass dir Zeit.,Take your time.,عجله نکن.,"Lass dir Zeit, es ist nicht dringend.",German,Common
Das ist wichtig.,That's important.,این مهم است.,Bitte vergiss das nicht. Das ist wichtig.,German,Common
Das ist nicht so wichtig.,That's not so important.,آن‌قدر مهم نیست.,Das können wir später machen. Es ist nicht so wichtig.,German,Common
Es kommt darauf an.,It depends.,بستگی دارد.,Fährst du morgen? – Es kommt darauf an.,German,Common
Zum Beispiel.,For example.,برای مثال.,Wir können zum Beispiel den Bus nehmen.,German,Common
Auf jeden Fall.,Definitely / In any case.,حتماً / در هر صورت.,Ich komme auf jeden Fall zur Party.,German,Common
Auf keinen Fall.,Absolutely not / No way.,به هیچ وجه.,Das mache ich auf keinen Fall.,German,Common
Ehrlich gesagt ...,Honestly speaking ...,راستش را بخواهی...,Ehrlich gesagt bin ich ziemlich müde.,German,Common
Übrigens ...,By the way ...,راستی...,"Übrigens, hast du Maria gesehen?",German,Common
Eigentlich ...,Actually ...,در واقع...,Eigentlich wollte ich heute zu Hause bleiben.,German,Common
Kein Wunder.,No wonder.,جای تعجب نیست.,"Du hast kaum geschlafen? Kein Wunder, dass du müde bist.",German,Common
