Phrase,English Meaning,Persian Meaning,Example,Usage
Hei!,Hi!,سلام!,Eksempel: «Hei!»,Common spoken Norwegian — greetings.
Hallo!,Hello!,سلام!,Eksempel: «Hallo!»,Common spoken Norwegian — greetings.
God morgen!,Good morning!,صبح بخیر!,Eksempel: «God morgen!»,Common spoken Norwegian — greetings.
God dag!,Good day!,روز بخیر!,Eksempel: «God dag!»,Common spoken Norwegian — greetings.
God kveld!,Good evening!,عصر بخیر!,Eksempel: «God kveld!»,Common spoken Norwegian — greetings.
God natt!,Good night!,شب بخیر!,Eksempel: «God natt!»,Common spoken Norwegian — greetings.
Ha det!,Goodbye!,خداحافظ!,Eksempel: «Ha det!»,Common spoken Norwegian — greetings.
Ha det bra!,Take care!,مراقب خودت باش!,Eksempel: «Ha det bra!»,Common spoken Norwegian — greetings.
Vi sees!,See you!,می‌بینمت!,Eksempel: «Vi sees!»,Common spoken Norwegian — greetings.
Vi snakkes!,Talk to you later!,بعداً صحبت می‌کنیم!,Eksempel: «Vi snakkes!»,Common spoken Norwegian — greetings.
Hva heter du?,What's your name?,اسمت چیه؟,Eksempel: «Hva heter du?»,Common spoken Norwegian — introductions.
Jeg heter Ali.,My name is Ali.,اسم من علی است.,Eksempel: «Jeg heter Ali.»,Common spoken Norwegian — introductions.
Hyggelig å møte deg.,Nice to meet you.,از آشنایی با شما خوشوقتم.,Eksempel: «Hyggelig å møte deg.»,Common spoken Norwegian — introductions.
Hvor kommer du fra?,Where are you from?,اهل کجا هستی؟,Eksempel: «Hvor kommer du fra?»,Common spoken Norwegian — introductions.
Jeg kommer fra Iran.,I'm from Iran.,من اهل ایران هستم.,Eksempel: «Jeg kommer fra Iran.»,Common spoken Norwegian — introductions.
Hvor bor du?,Where do you live?,کجا زندگی می‌کنی؟,Eksempel: «Hvor bor du?»,Common spoken Norwegian — introductions.
Jeg bor i Norge.,I live in Norway.,من در نروژ زندگی می‌کنم.,Eksempel: «Jeg bor i Norge.»,Common spoken Norwegian — introductions.
Hvor gammel er du?,How old are you?,چند سالت است؟,Eksempel: «Hvor gammel er du?»,Common spoken Norwegian — introductions.
Jeg er gift.,I'm married.,من متأهل هستم.,Eksempel: «Jeg er gift.»,Common spoken Norwegian — introductions.
Dette er vennen min.,This is my friend.,این دوست من است.,Eksempel: «Dette er vennen min.»,Common spoken Norwegian — introductions.
Takk!,Thanks!,ممنون!,Eksempel: «Takk!»,Common spoken Norwegian — politeness.
Tusen takk!,Thank you very much!,خیلی ممنون!,Eksempel: «Tusen takk!»,Common spoken Norwegian — politeness.
Bare hyggelig.,You're welcome.,خواهش می‌کنم.,Eksempel: «Bare hyggelig.»,Common spoken Norwegian — politeness.
Vær så snill.,Please.,لطفاً.,Eksempel: «Vær så snill.»,Common spoken Norwegian — politeness.
Unnskyld!,Excuse me!,ببخشید!,Eksempel: «Unnskyld!»,Common spoken Norwegian — politeness.
Beklager.,I'm sorry.,متأسفم.,Eksempel: «Beklager.»,Common spoken Norwegian — politeness.
Det går bra.,It's okay.,اشکالی ندارد.,Eksempel: «Det går bra.»,Common spoken Norwegian — politeness.
Ikke noe problem.,No problem.,مشکلی نیست.,Eksempel: «Ikke noe problem.»,Common spoken Norwegian — politeness.
Kan du hjelpe meg?,Can you help me?,می‌توانی کمکم کنی؟,Eksempel: «Kan du hjelpe meg?»,Common spoken Norwegian — politeness.
Takk for hjelpen.,Thanks for the help.,ممنون بابت کمک.,Eksempel: «Takk for hjelpen.»,Common spoken Norwegian — politeness.
"Ja, gjerne.","Yes, gladly.",بله، با کمال میل.,"Eksempel: «Ja, gjerne.»",Common spoken Norwegian — everyday responses.
"Nei, takk.","No, thank you.",نه، ممنون.,"Eksempel: «Nei, takk.»",Common spoken Norwegian — everyday responses.
Kanskje senere.,Maybe later.,شاید بعداً.,Eksempel: «Kanskje senere.»,Common spoken Norwegian — everyday responses.
Selvfølgelig.,Of course.,البته.,Eksempel: «Selvfølgelig.»,Common spoken Norwegian — everyday responses.
Absolutt!,Absolutely!,قطعاً!,Eksempel: «Absolutt!»,Common spoken Norwegian — everyday responses.
Det stemmer.,That's correct.,درست است.,Eksempel: «Det stemmer.»,Common spoken Norwegian — everyday responses.
Jeg tror det.,I think so.,فکر می‌کنم همین‌طور است.,Eksempel: «Jeg tror det.»,Common spoken Norwegian — everyday responses.
Jeg tror ikke det.,I don't think so.,فکر نمی‌کنم.,Eksempel: «Jeg tror ikke det.»,Common spoken Norwegian — everyday responses.
Det kommer an på.,It depends.,بستگی دارد.,Eksempel: «Det kommer an på.»,Common spoken Norwegian — everyday responses.
Vi får se.,We'll see.,باید ببینیم.,Eksempel: «Vi får se.»,Common spoken Norwegian — everyday responses.
Jeg forstår.,I understand.,متوجه می‌شوم.,Eksempel: «Jeg forstår.»,Common spoken Norwegian — understanding.
Jeg forstår ikke.,I don't understand.,متوجه نمی‌شوم.,Eksempel: «Jeg forstår ikke.»,Common spoken Norwegian — understanding.
Kan du gjenta det?,Can you repeat that?,می‌توانی تکرار کنی؟,Eksempel: «Kan du gjenta det?»,Common spoken Norwegian — understanding.
Kan du snakke saktere?,Can you speak more slowly?,می‌توانی آهسته‌تر صحبت کنی؟,Eksempel: «Kan du snakke saktere?»,Common spoken Norwegian — understanding.
Hva betyr det?,What does that mean?,این یعنی چه؟,Eksempel: «Hva betyr det?»,Common spoken Norwegian — understanding.
Hvordan sier man det på norsk?,How do you say that in Norwegian?,این را به نروژی چطور می‌گویند؟,Eksempel: «Hvordan sier man det på norsk?»,Common spoken Norwegian — understanding.
Jeg lærer norsk.,I'm learning Norwegian.,دارم نروژی یاد می‌گیرم.,Eksempel: «Jeg lærer norsk.»,Common spoken Norwegian — understanding.
Jeg snakker litt norsk.,I speak a little Norwegian.,کمی نروژی صحبت می‌کنم.,Eksempel: «Jeg snakker litt norsk.»,Common spoken Norwegian — understanding.
Kan du forklare det?,Can you explain it?,می‌توانی توضیحش بدهی؟,Eksempel: «Kan du forklare det?»,Common spoken Norwegian — understanding.
Nå skjønner jeg.,Now I get it.,حالا فهمیدم.,Eksempel: «Nå skjønner jeg.»,Common spoken Norwegian — understanding.
Hva er dette?,What is this?,این چیست؟,Eksempel: «Hva er dette?»,Common spoken Norwegian — questions.
Hvem er det?,Who is that?,آن کیست؟,Eksempel: «Hvem er det?»,Common spoken Norwegian — questions.
Hvor er du?,Where are you?,کجایی؟,Eksempel: «Hvor er du?»,Common spoken Norwegian — questions.
Når begynner det?,When does it start?,کی شروع می‌شود؟,Eksempel: «Når begynner det?»,Common spoken Norwegian — questions.
Hvorfor det?,Why is that?,چرا؟,Eksempel: «Hvorfor det?»,Common spoken Norwegian — questions.
Hvordan går det?,How's it going?,اوضاع چطور است؟,Eksempel: «Hvordan går det?»,Common spoken Norwegian — questions.
Hvor mye koster det?,How much does it cost?,قیمتش چقدر است؟,Eksempel: «Hvor mye koster det?»,Common spoken Norwegian — questions.
Hvilken vil du ha?,Which one do you want?,کدام را می‌خواهی؟,Eksempel: «Hvilken vil du ha?»,Common spoken Norwegian — questions.
Hva synes du?,What do you think?,نظرت چیست؟,Eksempel: «Hva synes du?»,Common spoken Norwegian — questions.
Er du sikker?,Are you sure?,مطمئنی؟,Eksempel: «Er du sikker?»,Common spoken Norwegian — questions.
Hva er klokka?,What time is it?,ساعت چند است؟,Eksempel: «Hva er klokka?»,Common spoken Norwegian — time.
Klokka er åtte.,It's eight o'clock.,ساعت هشت است.,Eksempel: «Klokka er åtte.»,Common spoken Norwegian — time.
Jeg kommer snart.,I'll be there soon.,به‌زودی می‌آیم.,Eksempel: «Jeg kommer snart.»,Common spoken Norwegian — time.
Jeg er litt forsinket.,I'm a little late.,کمی دیر کرده‌ام.,Eksempel: «Jeg er litt forsinket.»,Common spoken Norwegian — time.
Vi møtes i morgen.,We'll meet tomorrow.,فردا همدیگر را می‌بینیم.,Eksempel: «Vi møtes i morgen.»,Common spoken Norwegian — time.
Jeg har ikke tid nå.,I don't have time now.,الان وقت ندارم.,Eksempel: «Jeg har ikke tid nå.»,Common spoken Norwegian — time.
Har du tid i dag?,Do you have time today?,امروز وقت داری؟,Eksempel: «Har du tid i dag?»,Common spoken Norwegian — time.
Det tar fem minutter.,It takes five minutes.,پنج دقیقه طول می‌کشد.,Eksempel: «Det tar fem minutter.»,Common spoken Norwegian — time.
Jeg kommer om en time.,I'll come in an hour.,یک ساعت دیگر می‌آیم.,Eksempel: «Jeg kommer om en time.»,Common spoken Norwegian — time.
Vi sees neste uke.,See you next week.,هفته بعد می‌بینمت.,Eksempel: «Vi sees neste uke.»,Common spoken Norwegian — time.
Hvordan er været?,What's the weather like?,هوا چطور است؟,Eksempel: «Hvordan er været?»,Common spoken Norwegian — weather.
Det regner.,It's raining.,باران می‌بارد.,Eksempel: «Det regner.»,Common spoken Norwegian — weather.
Det snør.,It's snowing.,برف می‌بارد.,Eksempel: «Det snør.»,Common spoken Norwegian — weather.
Det blåser mye.,It's very windy.,باد زیادی می‌وزد.,Eksempel: «Det blåser mye.»,Common spoken Norwegian — weather.
Det er kaldt ute.,It's cold outside.,بیرون سرد است.,Eksempel: «Det er kaldt ute.»,Common spoken Norwegian — weather.
Det er varmt i dag.,It's warm today.,امروز هوا گرم است.,Eksempel: «Det er varmt i dag.»,Common spoken Norwegian — weather.
Sola skinner.,The sun is shining.,خورشید می‌تابد.,Eksempel: «Sola skinner.»,Common spoken Norwegian — weather.
Det er overskyet.,It's cloudy.,هوا ابری است.,Eksempel: «Det er overskyet.»,Common spoken Norwegian — weather.
Det blir bedre vær.,The weather will improve.,هوا بهتر می‌شود.,Eksempel: «Det blir bedre vær.»,Common spoken Norwegian — weather.
Ta med paraply.,Bring an umbrella.,چتر همراهت ببر.,Eksempel: «Ta med paraply.»,Common spoken Norwegian — weather.
Jeg bare ser.,I'm just looking.,فقط دارم نگاه می‌کنم.,Eksempel: «Jeg bare ser.»,Common spoken Norwegian — shopping.
Har dere denne i en annen størrelse?,Do you have this in another size?,این را در سایز دیگری دارید؟,Eksempel: «Har dere denne i en annen størrelse?»,Common spoken Norwegian — shopping.
Kan jeg prøve den?,Can I try it on?,می‌توانم امتحانش کنم؟,Eksempel: «Kan jeg prøve den?»,Common spoken Norwegian — shopping.
Hvor er prøverommet?,Where is the fitting room?,اتاق پرو کجاست؟,Eksempel: «Hvor er prøverommet?»,Common spoken Norwegian — shopping.
Er den på tilbud?,Is it on sale?,تخفیف خورده است؟,Eksempel: «Er den på tilbud?»,Common spoken Norwegian — shopping.
Det er for dyrt.,It's too expensive.,خیلی گران است.,Eksempel: «Det er for dyrt.»,Common spoken Norwegian — shopping.
Jeg tar denne.,I'll take this one.,این را برمی‌دارم.,Eksempel: «Jeg tar denne.»,Common spoken Norwegian — shopping.
Kan jeg betale med kort?,Can I pay by card?,می‌توانم با کارت پرداخت کنم؟,Eksempel: «Kan jeg betale med kort?»,Common spoken Norwegian — shopping.
Kan jeg få kvittering?,Can I get a receipt?,می‌توانم رسید بگیرم؟,Eksempel: «Kan jeg få kvittering?»,Common spoken Norwegian — shopping.
Jeg vil gjerne bytte denne.,I'd like to exchange this.,می‌خواهم این را تعویض کنم.,Eksempel: «Jeg vil gjerne bytte denne.»,Common spoken Norwegian — shopping.
Jeg er sulten.,I'm hungry.,گرسنه‌ام.,Eksempel: «Jeg er sulten.»,Common spoken Norwegian — food and drink.
Jeg er tørst.,I'm thirsty.,تشنه‌ام.,Eksempel: «Jeg er tørst.»,Common spoken Norwegian — food and drink.
Hva skal vi spise?,What shall we eat?,چی بخوریم؟,Eksempel: «Hva skal vi spise?»,Common spoken Norwegian — food and drink.
Jeg vil ha en kaffe.,I'd like a coffee.,یک قهوه می‌خواهم.,Eksempel: «Jeg vil ha en kaffe.»,Common spoken Norwegian — food and drink.
Kan jeg få menyen?,Can I have the menu?,می‌توانم منو را داشته باشم؟,Eksempel: «Kan jeg få menyen?»,Common spoken Norwegian — food and drink.
Hva anbefaler du?,What do you recommend?,چه چیزی پیشنهاد می‌کنی؟,Eksempel: «Hva anbefaler du?»,Common spoken Norwegian — food and drink.
"Uten løk, takk.","Without onion, please.",بدون پیاز، لطفاً.,"Eksempel: «Uten løk, takk.»",Common spoken Norwegian — food and drink.
Jeg tåler ikke melk.,I can't tolerate milk.,شیر برایم قابل تحمل نیست.,Eksempel: «Jeg tåler ikke melk.»,Common spoken Norwegian — food and drink.
Det smaker godt.,It tastes good.,خوشمزه است.,Eksempel: «Det smaker godt.»,Common spoken Norwegian — food and drink.
Kan vi få regningen?,Can we have the bill?,می‌توانیم صورت‌حساب را بگیریم؟,Eksempel: «Kan vi få regningen?»,Common spoken Norwegian — food and drink.
Har dere et ledig bord?,Do you have a free table?,میز خالی دارید؟,Eksempel: «Har dere et ledig bord?»,Common spoken Norwegian — restaurant.
"Et bord for to, takk.","A table for two, please.",یک میز برای دو نفر، لطفاً.,"Eksempel: «Et bord for to, takk.»",Common spoken Norwegian — restaurant.
Vi har bestilt bord.,We have a reservation.,میز رزرو کرده‌ایم.,Eksempel: «Vi har bestilt bord.»,Common spoken Norwegian — restaurant.
Jeg vil gjerne bestille.,I'd like to order.,می‌خواهم سفارش بدهم.,Eksempel: «Jeg vil gjerne bestille.»,Common spoken Norwegian — restaurant.
Kan jeg få vann?,Can I have water?,می‌توانم آب بگیرم؟,Eksempel: «Kan jeg få vann?»,Common spoken Norwegian — restaurant.
Er dette vegetarisk?,Is this vegetarian?,این گیاهی است؟,Eksempel: «Er dette vegetarisk?»,Common spoken Norwegian — restaurant.
Kan jeg få litt mer?,Can I have a little more?,می‌توانم کمی بیشتر بگیرم؟,Eksempel: «Kan jeg få litt mer?»,Common spoken Norwegian — restaurant.
Jeg er mett.,I'm full.,سیر شده‌ام.,Eksempel: «Jeg er mett.»,Common spoken Norwegian — restaurant.
Maten var kjempegod.,The food was excellent.,غذا عالی بود.,Eksempel: «Maten var kjempegod.»,Common spoken Norwegian — restaurant.
Kan vi betale hver for oss?,Can we pay separately?,می‌توانیم جداگانه حساب کنیم؟,Eksempel: «Kan vi betale hver for oss?»,Common spoken Norwegian — restaurant.
Hvor er busstoppet?,Where is the bus stop?,ایستگاه اتوبوس کجاست؟,Eksempel: «Hvor er busstoppet?»,Common spoken Norwegian — directions.
Hvordan kommer jeg dit?,How do I get there?,چطور به آنجا بروم؟,Eksempel: «Hvordan kommer jeg dit?»,Common spoken Norwegian — directions.
Gå rett fram.,Go straight ahead.,مستقیم برو.,Eksempel: «Gå rett fram.»,Common spoken Norwegian — directions.
Ta til høyre.,Turn right.,به راست بپیچ.,Eksempel: «Ta til høyre.»,Common spoken Norwegian — directions.
Ta til venstre.,Turn left.,به چپ بپیچ.,Eksempel: «Ta til venstre.»,Common spoken Norwegian — directions.
Det er rett rundt hjørnet.,It's just around the corner.,همین سر پیچ است.,Eksempel: «Det er rett rundt hjørnet.»,Common spoken Norwegian — directions.
Det er langt herfra.,It's far from here.,از اینجا دور است.,Eksempel: «Det er langt herfra.»,Common spoken Norwegian — directions.
Det er i nærheten.,It's nearby.,نزدیک است.,Eksempel: «Det er i nærheten.»,Common spoken Norwegian — directions.
Jeg har gått meg vill.,I'm lost.,راه را گم کرده‌ام.,Eksempel: «Jeg har gått meg vill.»,Common spoken Norwegian — directions.
Kan du vise meg veien?,Can you show me the way?,می‌توانی راه را نشانم بدهی؟,Eksempel: «Kan du vise meg veien?»,Common spoken Norwegian — directions.
Når går bussen?,When does the bus leave?,اتوبوس کی حرکت می‌کند؟,Eksempel: «Når går bussen?»,Common spoken Norwegian — transport.
Går denne bussen til sentrum?,Does this bus go downtown?,این اتوبوس به مرکز شهر می‌رود؟,Eksempel: «Går denne bussen til sentrum?»,Common spoken Norwegian — transport.
Jeg trenger en billett.,I need a ticket.,بلیط لازم دارم.,Eksempel: «Jeg trenger en billett.»,Common spoken Norwegian — transport.
Hvor kjøper jeg billett?,Where can I buy a ticket?,از کجا بلیط بخرم؟,Eksempel: «Hvor kjøper jeg billett?»,Common spoken Norwegian — transport.
Hvor skal jeg gå av?,Where should I get off?,کجا باید پیاده شوم؟,Eksempel: «Hvor skal jeg gå av?»,Common spoken Norwegian — transport.
Er dette setet ledig?,Is this seat free?,این صندلی خالی است؟,Eksempel: «Er dette setet ledig?»,Common spoken Norwegian — transport.
Toget er forsinket.,The train is delayed.,قطار تأخیر دارد.,Eksempel: «Toget er forsinket.»,Common spoken Norwegian — transport.
Jeg må bytte buss.,I have to change buses.,باید اتوبوس عوض کنم.,Eksempel: «Jeg må bytte buss.»,Common spoken Norwegian — transport.
Hvor er togstasjonen?,Where is the train station?,ایستگاه قطار کجاست؟,Eksempel: «Hvor er togstasjonen?»,Common spoken Norwegian — transport.
Jeg tar taxi hjem.,I'll take a taxi home.,با تاکسی به خانه می‌روم.,Eksempel: «Jeg tar taxi hjem.»,Common spoken Norwegian — transport.
Jeg er på jobb.,I'm at work.,سر کار هستم.,Eksempel: «Jeg er på jobb.»,Common spoken Norwegian — work.
Jeg jobber hjemmefra.,I'm working from home.,از خانه کار می‌کنم.,Eksempel: «Jeg jobber hjemmefra.»,Common spoken Norwegian — work.
Jeg har et møte.,I have a meeting.,جلسه دارم.,Eksempel: «Jeg har et møte.»,Common spoken Norwegian — work.
Når passer det for deg?,When does it suit you?,چه زمانی برایت مناسب است؟,Eksempel: «Når passer det for deg?»,Common spoken Norwegian — work.
Kan vi ta det senere?,Can we do it later?,می‌توانیم بعداً انجامش دهیم؟,Eksempel: «Kan vi ta det senere?»,Common spoken Norwegian — work.
Jeg sender deg en e-post.,I'll send you an email.,برای تو ایمیل می‌فرستم.,Eksempel: «Jeg sender deg en e-post.»,Common spoken Norwegian — work.
Jeg trenger mer informasjon.,I need more information.,اطلاعات بیشتری لازم دارم.,Eksempel: «Jeg trenger mer informasjon.»,Common spoken Norwegian — work.
Vi må finne en løsning.,We need to find a solution.,باید راه‌حلی پیدا کنیم.,Eksempel: «Vi må finne en løsning.»,Common spoken Norwegian — work.
Det haster.,It's urgent.,فوری است.,Eksempel: «Det haster.»,Common spoken Norwegian — work.
Bra jobbet!,Good job!,آفرین، کارت عالی بود!,Eksempel: «Bra jobbet!»,Common spoken Norwegian — work.
Skal vi begynne?,Shall we start?,شروع کنیم؟,Eksempel: «Skal vi begynne?»,Common spoken Norwegian — meetings.
Kan du dele skjermen?,Can you share your screen?,می‌توانی صفحه را به اشتراک بگذاری؟,Eksempel: «Kan du dele skjermen?»,Common spoken Norwegian — meetings.
Jeg hører deg ikke.,I can't hear you.,صدایت را نمی‌شنوم.,Eksempel: «Jeg hører deg ikke.»,Common spoken Norwegian — meetings.
Mikrofonen din er av.,Your microphone is muted.,میکروفونت خاموش است.,Eksempel: «Mikrofonen din er av.»,Common spoken Norwegian — meetings.
Kan du sende referatet?,Can you send the minutes?,می‌توانی صورت‌جلسه را بفرستی؟,Eksempel: «Kan du sende referatet?»,Common spoken Norwegian — meetings.
Jeg er enig.,I agree.,موافقم.,Eksempel: «Jeg er enig.»,Common spoken Norwegian — meetings.
Jeg er uenig.,I disagree.,مخالفم.,Eksempel: «Jeg er uenig.»,Common spoken Norwegian — meetings.
La oss ta en pause.,Let's take a break.,بیایید استراحت کنیم.,Eksempel: «La oss ta en pause.»,Common spoken Norwegian — meetings.
Hva er neste steg?,What's the next step?,قدم بعدی چیست؟,Eksempel: «Hva er neste steg?»,Common spoken Norwegian — meetings.
Vi følger opp i morgen.,We'll follow up tomorrow.,فردا پیگیری می‌کنیم.,Eksempel: «Vi følger opp i morgen.»,Common spoken Norwegian — meetings.
Jeg er hjemme.,I'm home.,خانه هستم.,Eksempel: «Jeg er hjemme.»,Common spoken Norwegian — home.
Kom inn!,Come in!,بیا داخل!,Eksempel: «Kom inn!»,Common spoken Norwegian — home.
Ta av deg skoene.,Take off your shoes.,کفش‌هایت را دربیاور.,Eksempel: «Ta av deg skoene.»,Common spoken Norwegian — home.
Vil du ha noe å drikke?,Would you like something to drink?,چیزی برای نوشیدن می‌خواهی؟,Eksempel: «Vil du ha noe å drikke?»,Common spoken Norwegian — home.
Føl deg som hjemme.,Make yourself at home.,راحت باش، مثل خانه خودت.,Eksempel: «Føl deg som hjemme.»,Common spoken Norwegian — home.
Hvor er nøklene mine?,Where are my keys?,کلیدهایم کجاست؟,Eksempel: «Hvor er nøklene mine?»,Common spoken Norwegian — home.
Jeg må rydde litt.,I need to tidy up a bit.,باید کمی مرتب کنم.,Eksempel: «Jeg må rydde litt.»,Common spoken Norwegian — home.
Kan du lukke vinduet?,Can you close the window?,می‌توانی پنجره را ببندی؟,Eksempel: «Kan du lukke vinduet?»,Common spoken Norwegian — home.
Slå av lyset.,Turn off the light.,چراغ را خاموش کن.,Eksempel: «Slå av lyset.»,Common spoken Norwegian — home.
Jeg legger meg nå.,I'm going to bed now.,الان می‌روم بخوابم.,Eksempel: «Jeg legger meg nå.»,Common spoken Norwegian — home.
Hvordan har familien det?,How is your family?,خانواده‌ات چطورند؟,Eksempel: «Hvordan har familien det?»,Common spoken Norwegian — family.
Jeg har to barn.,I have two children.,دو فرزند دارم.,Eksempel: «Jeg har to barn.»,Common spoken Norwegian — family.
Dette er kona mi.,This is my wife.,این همسر من است.,Eksempel: «Dette er kona mi.»,Common spoken Norwegian — family.
Dette er mannen min.,This is my husband.,این شوهر من است.,Eksempel: «Dette er mannen min.»,Common spoken Norwegian — family.
Foreldrene mine bor langt unna.,My parents live far away.,پدر و مادرم دور زندگی می‌کنند.,Eksempel: «Foreldrene mine bor langt unna.»,Common spoken Norwegian — family.
Vi besøker familien i helgen.,We're visiting family this weekend.,آخر هفته به دیدن خانواده می‌رویم.,Eksempel: «Vi besøker familien i helgen.»,Common spoken Norwegian — family.
Hvordan går det med barna?,How are the kids?,بچه‌ها چطورند؟,Eksempel: «Hvordan går det med barna?»,Common spoken Norwegian — family.
Jeg savner familien min.,I miss my family.,دلم برای خانواده‌ام تنگ شده.,Eksempel: «Jeg savner familien min.»,Common spoken Norwegian — family.
Vi spiser middag sammen.,We eat dinner together.,با هم شام می‌خوریم.,Eksempel: «Vi spiser middag sammen.»,Common spoken Norwegian — family.
Hils familien fra meg.,Say hello to your family for me.,از طرف من به خانواده سلام برسان.,Eksempel: «Hils familien fra meg.»,Common spoken Norwegian — family.
Jeg føler meg ikke bra.,I don't feel well.,حالم خوب نیست.,Eksempel: «Jeg føler meg ikke bra.»,Common spoken Norwegian — health.
Jeg har vondt i hodet.,I have a headache.,سردرد دارم.,Eksempel: «Jeg har vondt i hodet.»,Common spoken Norwegian — health.
Jeg har feber.,I have a fever.,تب دارم.,Eksempel: «Jeg har feber.»,Common spoken Norwegian — health.
Jeg er forkjølet.,I have a cold.,سرما خورده‌ام.,Eksempel: «Jeg er forkjølet.»,Common spoken Norwegian — health.
Jeg trenger en lege.,I need a doctor.,به پزشک نیاز دارم.,Eksempel: «Jeg trenger en lege.»,Common spoken Norwegian — health.
Hvor er nærmeste apotek?,Where is the nearest pharmacy?,نزدیک‌ترین داروخانه کجاست؟,Eksempel: «Hvor er nærmeste apotek?»,Common spoken Norwegian — health.
Jeg har bestilt legetime.,I've booked a doctor's appointment.,وقت دکتر گرفته‌ام.,Eksempel: «Jeg har bestilt legetime.»,Common spoken Norwegian — health.
Det gjør vondt her.,It hurts here.,اینجا درد می‌کند.,Eksempel: «Det gjør vondt her.»,Common spoken Norwegian — health.
Jeg føler meg bedre.,I feel better.,حالم بهتر است.,Eksempel: «Jeg føler meg bedre.»,Common spoken Norwegian — health.
God bedring!,Get well soon!,زود خوب شو!,Eksempel: «God bedring!»,Common spoken Norwegian — health.
Hjelp!,Help!,کمک!,Eksempel: «Hjelp!»,Common spoken Norwegian — emergencies.
Ring politiet!,Call the police!,به پلیس زنگ بزن!,Eksempel: «Ring politiet!»,Common spoken Norwegian — emergencies.
Ring ambulansen!,Call an ambulance!,آمبولانس خبر کن!,Eksempel: «Ring ambulansen!»,Common spoken Norwegian — emergencies.
Det brenner!,There's a fire!,آتش‌سوزی شده!,Eksempel: «Det brenner!»,Common spoken Norwegian — emergencies.
Jeg trenger hjelp nå.,I need help now.,الان کمک لازم دارم.,Eksempel: «Jeg trenger hjelp nå.»,Common spoken Norwegian — emergencies.
Noen er skadet.,Someone is injured.,کسی زخمی شده است.,Eksempel: «Noen er skadet.»,Common spoken Norwegian — emergencies.
Hvor er nødutgangen?,Where is the emergency exit?,خروج اضطراری کجاست؟,Eksempel: «Hvor er nødutgangen?»,Common spoken Norwegian — emergencies.
Jeg har mistet telefonen min.,I've lost my phone.,گوشی‌ام را گم کرده‌ام.,Eksempel: «Jeg har mistet telefonen min.»,Common spoken Norwegian — emergencies.
Kan du ringe for meg?,Can you call for me?,می‌توانی برایم تماس بگیری؟,Eksempel: «Kan du ringe for meg?»,Common spoken Norwegian — emergencies.
Er alle trygge?,Is everyone safe?,همه در امان هستند؟,Eksempel: «Er alle trygge?»,Common spoken Norwegian — emergencies.
Jeg er glad.,I'm happy.,خوشحالم.,Eksempel: «Jeg er glad.»,Common spoken Norwegian — feelings.
Jeg er lei meg.,I'm sad.,ناراحتم.,Eksempel: «Jeg er lei meg.»,Common spoken Norwegian — feelings.
Jeg er sliten.,I'm tired.,خسته‌ام.,Eksempel: «Jeg er sliten.»,Common spoken Norwegian — feelings.
Jeg er stresset.,I'm stressed.,استرس دارم.,Eksempel: «Jeg er stresset.»,Common spoken Norwegian — feelings.
Jeg er bekymret.,I'm worried.,نگرانم.,Eksempel: «Jeg er bekymret.»,Common spoken Norwegian — feelings.
Jeg gleder meg.,I'm looking forward to it.,بی‌صبرانه منتظرم.,Eksempel: «Jeg gleder meg.»,Common spoken Norwegian — feelings.
Jeg er spent.,I'm excited/nervous.,هیجان‌زده‌ام.,Eksempel: «Jeg er spent.»,Common spoken Norwegian — feelings.
Jeg er overrasket.,I'm surprised.,تعجب کرده‌ام.,Eksempel: «Jeg er overrasket.»,Common spoken Norwegian — feelings.
Jeg kjeder meg.,I'm bored.,حوصله‌ام سر رفته.,Eksempel: «Jeg kjeder meg.»,Common spoken Norwegian — feelings.
Jeg er stolt av deg.,I'm proud of you.,به تو افتخار می‌کنم.,Eksempel: «Jeg er stolt av deg.»,Common spoken Norwegian — feelings.
Jeg liker det.,I like it.,دوستش دارم.,Eksempel: «Jeg liker det.»,Common spoken Norwegian — opinions.
Jeg liker det ikke.,I don't like it.,دوستش ندارم.,Eksempel: «Jeg liker det ikke.»,Common spoken Norwegian — opinions.
Det er en god idé.,That's a good idea.,ایده خوبی است.,Eksempel: «Det er en god idé.»,Common spoken Norwegian — opinions.
Det høres bra ut.,That sounds good.,خوب به نظر می‌رسد.,Eksempel: «Det høres bra ut.»,Common spoken Norwegian — opinions.
Jeg foretrekker te.,I prefer tea.,چای را ترجیح می‌دهم.,Eksempel: «Jeg foretrekker te.»,Common spoken Norwegian — opinions.
Det spiller ingen rolle.,It doesn't matter.,فرقی نمی‌کند.,Eksempel: «Det spiller ingen rolle.»,Common spoken Norwegian — opinions.
Jeg er ikke sikker.,I'm not sure.,مطمئن نیستم.,Eksempel: «Jeg er ikke sikker.»,Common spoken Norwegian — opinions.
Etter min mening ...,In my opinion ...,به نظر من...,Eksempel: «Etter min mening ...»,Common spoken Norwegian — opinions.
Jeg synes det er vanskelig.,I think it's difficult.,فکر می‌کنم سخت است.,Eksempel: «Jeg synes det er vanskelig.»,Common spoken Norwegian — opinions.
Det er verdt et forsøk.,It's worth a try.,ارزش امتحان کردن دارد.,Eksempel: «Det er verdt et forsøk.»,Common spoken Norwegian — opinions.
Hva skal du gjøre i dag?,What are you doing today?,امروز چه کار می‌کنی؟,Eksempel: «Hva skal du gjøre i dag?»,Common spoken Norwegian — plans.
Har du planer i helgen?,Do you have plans this weekend?,آخر هفته برنامه‌ای داری؟,Eksempel: «Har du planer i helgen?»,Common spoken Norwegian — plans.
Jeg skal på tur.,I'm going on a trip/hike.,می‌روم گردش.,Eksempel: «Jeg skal på tur.»,Common spoken Norwegian — plans.
Vil du bli med?,Do you want to come along?,می‌خواهی همراه بیایی؟,Eksempel: «Vil du bli med?»,Common spoken Norwegian — plans.
La oss gjøre det!,Let's do it!,بیایید انجامش بدهیم!,Eksempel: «La oss gjøre det!»,Common spoken Norwegian — plans.
Jeg må tenke på det.,I need to think about it.,باید درباره‌اش فکر کنم.,Eksempel: «Jeg må tenke på det.»,Common spoken Norwegian — plans.
Vi kan avtale en dag.,We can arrange a day.,می‌توانیم یک روز هماهنگ کنیم.,Eksempel: «Vi kan avtale en dag.»,Common spoken Norwegian — plans.
Det passer ikke i dag.,Today doesn't work for me.,امروز برایم مناسب نیست.,Eksempel: «Det passer ikke i dag.»,Common spoken Norwegian — plans.
Jeg har andre planer.,I have other plans.,برنامه دیگری دارم.,Eksempel: «Jeg har andre planer.»,Common spoken Norwegian — plans.
Vi tar det som det kommer.,We'll take it as it comes.,هرچه پیش آمد، پیش آمد.,Eksempel: «Vi tar det som det kommer.»,Common spoken Norwegian — plans.
Har du lyst på kaffe?,Would you like a coffee?,دوست داری قهوه بخوریم؟,Eksempel: «Har du lyst på kaffe?»,Common spoken Norwegian — social.
Vil du komme på besøk?,Would you like to visit?,دوست داری بیایی دیدنمان؟,Eksempel: «Vil du komme på besøk?»,Common spoken Norwegian — social.
Det var hyggelig å se deg.,It was nice seeing you.,از دیدنت خوشحال شدم.,Eksempel: «Det var hyggelig å se deg.»,Common spoken Norwegian — social.
Lenge siden sist!,Long time no see!,خیلی وقت است همدیگر را ندیده‌ایم!,Eksempel: «Lenge siden sist!»,Common spoken Norwegian — social.
Hvordan har du hatt det?,How have you been?,این مدت چطور بودی؟,Eksempel: «Hvordan har du hatt det?»,Common spoken Norwegian — social.
Hva driver du med?,What are you up to?,مشغول چه کاری هستی؟,Eksempel: «Hva driver du med?»,Common spoken Norwegian — social.
Kos deg!,Enjoy yourself!,خوش بگذرد!,Eksempel: «Kos deg!»,Common spoken Norwegian — social.
Ha en fin dag!,Have a nice day!,روز خوبی داشته باشی!,Eksempel: «Ha en fin dag!»,Common spoken Norwegian — social.
God helg!,Have a nice weekend!,آخر هفته خوبی داشته باشی!,Eksempel: «God helg!»,Common spoken Norwegian — social.
Ta vare på deg selv.,Take care of yourself.,مراقب خودت باش.,Eksempel: «Ta vare på deg selv.»,Common spoken Norwegian — social.
"Hallo, det er meg.","Hello, it's me.",سلام، منم.,"Eksempel: «Hallo, det er meg.»",Common spoken Norwegian — phone and internet.
Kan jeg ringe deg senere?,Can I call you later?,می‌توانم بعداً تماس بگیرم؟,Eksempel: «Kan jeg ringe deg senere?»,Common spoken Norwegian — phone and internet.
Jeg ringer tilbake.,I'll call back.,دوباره تماس می‌گیرم.,Eksempel: «Jeg ringer tilbake.»,Common spoken Norwegian — phone and internet.
Jeg har dårlig dekning.,I have poor reception.,آنتن‌دهی ضعیف است.,Eksempel: «Jeg har dårlig dekning.»,Common spoken Norwegian — phone and internet.
Batteriet er tomt.,The battery is dead.,باتری خالی شده.,Eksempel: «Batteriet er tomt.»,Common spoken Norwegian — phone and internet.
Kan jeg låne laderen din?,Can I borrow your charger?,می‌توانم شارژرت را قرض بگیرم؟,Eksempel: «Kan jeg låne laderen din?»,Common spoken Norwegian — phone and internet.
Hva er wifi-passordet?,What's the Wi-Fi password?,رمز وای‌فای چیست؟,Eksempel: «Hva er wifi-passordet?»,Common spoken Norwegian — phone and internet.
Internett virker ikke.,The internet isn't working.,اینترنت کار نمی‌کند.,Eksempel: «Internett virker ikke.»,Common spoken Norwegian — phone and internet.
Send meg en melding.,Send me a message.,برایم پیام بفرست.,Eksempel: «Send meg en melding.»,Common spoken Norwegian — phone and internet.
Jeg fikk ikke meldingen.,I didn't get the message.,پیام را دریافت نکردم.,Eksempel: «Jeg fikk ikke meldingen.»,Common spoken Norwegian — phone and internet.
Jeg trenger kontanter.,I need cash.,پول نقد لازم دارم.,Eksempel: «Jeg trenger kontanter.»,Common spoken Norwegian — money and banking.
Hvor er minibanken?,Where is the ATM?,خودپرداز کجاست؟,Eksempel: «Hvor er minibanken?»,Common spoken Norwegian — money and banking.
Kan jeg betale med Vipps?,Can I pay with Vipps?,می‌توانم با ویپس پرداخت کنم؟,Eksempel: «Kan jeg betale med Vipps?»,Common spoken Norwegian — money and banking.
Jeg har glemt lommeboka.,I've forgotten my wallet.,کیف پولم را جا گذاشته‌ام.,Eksempel: «Jeg har glemt lommeboka.»,Common spoken Norwegian — money and banking.
Det er ikke nok penger.,There isn't enough money.,پول کافی نیست.,Eksempel: «Det er ikke nok penger.»,Common spoken Norwegian — money and banking.
Kan vi dele regningen?,Can we split the bill?,می‌توانیم صورت‌حساب را تقسیم کنیم؟,Eksempel: «Kan vi dele regningen?»,Common spoken Norwegian — money and banking.
Jeg må betale en regning.,I have to pay a bill.,باید قبضی پرداخت کنم.,Eksempel: «Jeg må betale en regning.»,Common spoken Norwegian — money and banking.
Hvor mye skylder jeg deg?,How much do I owe you?,چقدر به تو بدهکارم؟,Eksempel: «Hvor mye skylder jeg deg?»,Common spoken Norwegian — money and banking.
Jeg overfører pengene.,I'll transfer the money.,پول را انتقال می‌دهم.,Eksempel: «Jeg overfører pengene.»,Common spoken Norwegian — money and banking.
Har du fått pengene?,Have you received the money?,پول را دریافت کردی؟,Eksempel: «Har du fått pengene?»,Common spoken Norwegian — money and banking.
Jeg vil bestille en time.,I'd like to book an appointment.,می‌خواهم وقت بگیرم.,Eksempel: «Jeg vil bestille en time.»,Common spoken Norwegian — appointments.
Har dere ledig tid i morgen?,Do you have availability tomorrow?,فردا وقت خالی دارید؟,Eksempel: «Har dere ledig tid i morgen?»,Common spoken Norwegian — appointments.
Jeg har en avtale klokka ti.,I have an appointment at ten.,ساعت ده قرار دارم.,Eksempel: «Jeg har en avtale klokka ti.»,Common spoken Norwegian — appointments.
Jeg må avbestille timen.,I need to cancel the appointment.,باید وقتم را لغو کنم.,Eksempel: «Jeg må avbestille timen.»,Common spoken Norwegian — appointments.
Kan vi flytte avtalen?,Can we reschedule the appointment?,می‌توانیم قرار را جابه‌جا کنیم؟,Eksempel: «Kan vi flytte avtalen?»,Common spoken Norwegian — appointments.
Jeg er her litt tidlig.,I'm a bit early.,کمی زود رسیده‌ام.,Eksempel: «Jeg er her litt tidlig.»,Common spoken Norwegian — appointments.
Hvor lenge må jeg vente?,How long do I have to wait?,چقدر باید منتظر بمانم؟,Eksempel: «Hvor lenge må jeg vente?»,Common spoken Norwegian — appointments.
Er det min tur nå?,Is it my turn now?,الان نوبت من است؟,Eksempel: «Er det min tur nå?»,Common spoken Norwegian — appointments.
Kan du bekrefte avtalen?,Can you confirm the appointment?,می‌توانی قرار را تأیید کنی؟,Eksempel: «Kan du bekrefte avtalen?»,Common spoken Norwegian — appointments.
Takk for at du ventet.,Thanks for waiting.,ممنون که منتظر ماندی.,Eksempel: «Takk for at du ventet.»,Common spoken Norwegian — appointments.
Jeg skal på ferie.,I'm going on holiday.,به تعطیلات می‌روم.,Eksempel: «Jeg skal på ferie.»,Common spoken Norwegian — travel.
Hvor ligger hotellet?,Where is the hotel?,هتل کجاست؟,Eksempel: «Hvor ligger hotellet?»,Common spoken Norwegian — travel.
Jeg har en reservasjon.,I have a reservation.,رزرو دارم.,Eksempel: «Jeg har en reservasjon.»,Common spoken Norwegian — travel.
Når er innsjekking?,When is check-in?,زمان پذیرش چه موقع است؟,Eksempel: «Når er innsjekking?»,Common spoken Norwegian — travel.
Når må vi sjekke ut?,When do we have to check out?,کی باید اتاق را تحویل بدهیم؟,Eksempel: «Når må vi sjekke ut?»,Common spoken Norwegian — travel.
Kan jeg få romnøkkelen?,Can I have the room key?,می‌توانم کلید اتاق را بگیرم؟,Eksempel: «Kan jeg få romnøkkelen?»,Common spoken Norwegian — travel.
Er frokost inkludert?,Is breakfast included?,صبحانه شامل می‌شود؟,Eksempel: «Er frokost inkludert?»,Common spoken Norwegian — travel.
Hvor er bagasjen min?,Where is my luggage?,چمدانم کجاست؟,Eksempel: «Hvor er bagasjen min?»,Common spoken Norwegian — travel.
Flyet mitt er forsinket.,My flight is delayed.,پروازم تأخیر دارد.,Eksempel: «Flyet mitt er forsinket.»,Common spoken Norwegian — travel.
Jeg trenger et kart.,I need a map.,نقشه لازم دارم.,Eksempel: «Jeg trenger et kart.»,Common spoken Norwegian — travel.
Jeg øver hver dag.,I practice every day.,هر روز تمرین می‌کنم.,Eksempel: «Jeg øver hver dag.»,Common spoken Norwegian — learning.
Jeg prøver å lære.,I'm trying to learn.,دارم تلاش می‌کنم یاد بگیرم.,Eksempel: «Jeg prøver å lære.»,Common spoken Norwegian — learning.
Dette er nytt for meg.,This is new to me.,این برایم تازه است.,Eksempel: «Dette er nytt for meg.»,Common spoken Norwegian — learning.
Kan du rette meg?,Can you correct me?,می‌توانی اشتباهم را اصلاح کنی؟,Eksempel: «Kan du rette meg?»,Common spoken Norwegian — learning.
Hvordan uttaler man dette?,How do you pronounce this?,این را چطور تلفظ می‌کنند؟,Eksempel: «Hvordan uttaler man dette?»,Common spoken Norwegian — learning.
Jeg husker ikke ordet.,I don't remember the word.,کلمه را یادم نمی‌آید.,Eksempel: «Jeg husker ikke ordet.»,Common spoken Norwegian — learning.
Jeg må øve mer.,I need more practice.,باید بیشتر تمرین کنم.,Eksempel: «Jeg må øve mer.»,Common spoken Norwegian — learning.
Det blir lettere etter hvert.,It gets easier over time.,به مرور آسان‌تر می‌شود.,Eksempel: «Det blir lettere etter hvert.»,Common spoken Norwegian — learning.
Jeg gjorde en feil.,I made a mistake.,اشتباه کردم.,Eksempel: «Jeg gjorde en feil.»,Common spoken Norwegian — learning.
Nå kan jeg det.,Now I know how to do it.,حالا بلدم.,Eksempel: «Nå kan jeg det.»,Common spoken Norwegian — learning.
Jeg står opp tidlig.,I get up early.,زود بیدار می‌شوم.,Eksempel: «Jeg står opp tidlig.»,Common spoken Norwegian — daily routines.
Jeg tar en dusj.,I'm taking a shower.,دوش می‌گیرم.,Eksempel: «Jeg tar en dusj.»,Common spoken Norwegian — daily routines.
Jeg lager frokost.,I'm making breakfast.,صبحانه درست می‌کنم.,Eksempel: «Jeg lager frokost.»,Common spoken Norwegian — daily routines.
Jeg drar på jobb.,I'm going to work.,می‌روم سر کار.,Eksempel: «Jeg drar på jobb.»,Common spoken Norwegian — daily routines.
Jeg er på vei hjem.,I'm on my way home.,در راه خانه‌ام.,Eksempel: «Jeg er på vei hjem.»,Common spoken Norwegian — daily routines.
Jeg lager middag.,I'm making dinner.,شام درست می‌کنم.,Eksempel: «Jeg lager middag.»,Common spoken Norwegian — daily routines.
Jeg vasker klær.,I'm doing laundry.,لباس می‌شویم.,Eksempel: «Jeg vasker klær.»,Common spoken Norwegian — daily routines.
Jeg går en tur.,I'm going for a walk.,به پیاده‌روی می‌روم.,Eksempel: «Jeg går en tur.»,Common spoken Norwegian — daily routines.
Jeg ser på TV.,I'm watching TV.,تلویزیون تماشا می‌کنم.,Eksempel: «Jeg ser på TV.»,Common spoken Norwegian — daily routines.
Jeg må sove.,I need to sleep.,باید بخوابم.,Eksempel: «Jeg må sove.»,Common spoken Norwegian — daily routines.
Det ordner seg.,It'll work out.,درست می‌شود.,Eksempel: «Det ordner seg.»,Common spoken Norwegian — common conversational phrases.
Så bra!,That's great!,چه عالی!,Eksempel: «Så bra!»,Common spoken Norwegian — common conversational phrases.
Så synd!,What a pity!,چه حیف!,Eksempel: «Så synd!»,Common spoken Norwegian — common conversational phrases.
Ikke sant?,Right? / Isn't that so?,مگه نه؟,Eksempel: «Ikke sant?»,Common spoken Norwegian — common conversational phrases.
Akkurat!,Exactly!,دقیقاً!,Eksempel: «Akkurat!»,Common spoken Norwegian — common conversational phrases.
Vent litt.,Wait a moment.,یک لحظه صبر کن.,Eksempel: «Vent litt.»,Common spoken Norwegian — common conversational phrases.
Ingen årsak.,Don't mention it.,قابلی نداشت.,Eksempel: «Ingen årsak.»,Common spoken Norwegian — common conversational phrases.
Det går fint.,That's fine.,خوبه، مشکلی نیست.,Eksempel: «Det går fint.»,Common spoken Norwegian — common conversational phrases.
Jeg kommer straks.,I'll be right there.,الان می‌آیم.,Eksempel: «Jeg kommer straks.»,Common spoken Norwegian — common conversational phrases.
Lykke til!,Good luck!,موفق باشی!,Eksempel: «Lykke til!»,Common spoken Norwegian — common conversational phrases.
